Sat1_mean;Sat2_mean;Sat3_mean;Sat4_mean;Age;Manager;LineManagerCount;qMan1;qEng1;qEng2;Talent2014;Custloyalty_mean;CustSatMean_mean;INvestMore_mean;Sex
2,67;3,33;3,17;3,67;30,00;0,00;0,00;;;;0,00;3,29;3,21;2,57;1,00
2,50;3,50;1,00;3,00;44,00;1,00;10,00;4,00;3,00;2,00;1,00;2,00;2,96;2,00;2,00
3,63;4,13;3,63;3,88;29,00;0,00;0,00;1,00;2,00;2,00;1,00;3,50;3,81;2,67;2,00
3,17;3,67;3,50;3,50;42,00;0,00;0,00;4,00;4,00;3,00;0,00;3,80;3,46;2,75;2,00
3,00;3,00;3,25;3,00;46,00;0,00;0,00;4,00;4,00;1,00;0,00;3,75;3,06;3,25;2,00
2,87;4,07;3,00;3,91;50,00;0,00;0,00;;;;0,00;2,92;3,39;2,30;2,00
3,00;3,00;4,00;4,00;44,00;1,00;10,00;;;;1,00;4,00;3,50;3,00;2,00
3,00;3,22;3,00;3,33;59,00;0,00;0,00;2,00;3,00;5,00;0,00;3,55;3,12;2,86;2,00
4,50;4,50;4,50;4,50;45,00;0,00;0,00;;;;0,00;4,50;4,50;2,50;2,00
2,80;4,00;5,00;5,00;56,00;0,00;0,00;3,00;;2,00;0,00;4,00;3,55;4,00;1,00
2,00;2,33;2,00;2,00;39,00;0,00;0,00;5,00;5,00;4,00;0,00;3,67;2,08;3,00;2,00
4,33;4,00;4,33;3,67;41,00;0,00;0,00;;4,00;4,00;0,00;3,67;4,08;3,67;2,00
3,00;3,00;3,00;4,00;34,00;0,00;0,00;4,00;4,00;4,00;0,00;5,00;3,25;3,00;1,00
4,00;3,50;4,00;4,00;36,00;0,00;0,00;;;;0,00;4,50;3,88;3,00;1,00
3,00;4,00;3,50;3,00;44,00;0,00;0,00;4,00;3,00;4,00;0,00;3,00;3,42;3,00;2,00
4,50;4,50;4,50;3,50;43,00;1,00;20,00;;;;0,00;4,50;4,25;3,00;2,00
1,50;2,00;1,50;;31,00;0,00;0,00;;;;1,00;2,50;1,67;;2,00
5,00;5,00;5,00;5,00;31,00;0,00;0,00;4,00;5,00;4,00;0,00;5,00;5,00;3,00;2,00
4,00;4,00;4,00;;32,00;0,00;0,00;5,00;5,00;4,00;0,00;;4,00;;1,00
4,00;4,50;5,00;4,00;50,00;0,00;0,00;1,00;3,00;4,00;0,00;5,00;4,50;3,00;2,00
4,00;4,25;4,00;3,75;50,00;0,00;0,00;;;;0,00;4,00;4,00;2,75;1,00
3,50;3,50;3,50;3,00;42,00;0,00;0,00;;;;0,00;3,00;3,38;3,50;2,00
3,17;3,29;3,43;3,57;47,00;0,00;0,00;4,00;2,00;2,00;0,00;4,14;3,37;3,14;2,00
2,00;1,00;2,00;3,00;36,00;1,00;2,00;;;;1,00;2,00;2,00;1,00;2,00
2,75;3,60;4,00;2,80;55,00;0,00;0,00;;;;0,00;3,80;3,25;3,00;1,00
4,00;5,00;4,00;5,00;47,00;0,00;0,00;2,00;3,00;2,00;0,00;4,00;4,50;2,00;2,00
3,09;3,45;2,91;3,70;36,00;0,00;0,00;1,00;3,00;3,00;0,00;2,90;3,27;2,30;1,00
3,29;3,86;3,29;3,43;41,00;0,00;0,00;;;;0,00;3,29;3,46;2,71;2,00
4,14;4,43;4,00;4,50;44,00;0,00;0,00;;;;0,00;3,60;4,29;3,20;1,00
3,67;4,00;3,83;4,00;34,00;0,00;0,00;5,00;2,00;4,00;0,00;2,50;3,89;2,60;2,00
2,88;3,25;2,38;3,43;38,00;0,00;0,00;3,00;2,00;2,00;0,00;3,00;2,91;2,29;2,00
3,67;4,00;3,33;3,00;41,00;0,00;0,00;;;;0,00;3,25;3,64;2,00;2,00
4,75;4,75;4,25;4,00;54,00;0,00;0,00;;;;0,00;4,00;4,58;3,00;2,00
3,08;3,75;3,17;3,70;46,00;0,00;0,00;3,00;2,00;2,00;0,00;3,22;3,42;2,60;1,00
2,83;3,43;3,00;3,00;40,00;0,00;0,00;4,00;4,00;2,00;1,00;3,20;3,18;2,75;2,00
3,50;4,10;3,33;3,67;42,00;0,00;0,00;4,00;2,00;2,00;0,00;3,67;3,78;2,25;2,00
3,57;4,14;2,86;3,67;39,00;0,00;0,00;1,00;4,00;1,00;1,00;3,00;3,60;2,83;2,00
3,57;4,14;3,71;3,89;36,00;0,00;0,00;;;;0,00;3,38;3,84;2,89;2,00
3,57;3,71;3,57;4,20;41,00;0,00;0,00;;4,00;4,00;0,00;2,80;3,73;2,60;2,00
3,88;3,88;3,63;3,86;42,00;1,00;8,00;4,00;4,00;4,00;1,00;4,57;3,78;3,17;2,00
2,67;3,67;2,67;3,00;52,00;1,00;10,00;5,00;5,00;4,00;0,00;3,00;3,00;2,50;2,00
5,00;5,00;5,00;;48,00;0,00;0,00;;;;0,00;;5,00;;2,00
2,80;3,40;2,60;3,33;43,00;1,00;7,00;5,00;5,00;2,00;0,00;4,00;2,93;2,75;2,00
3,50;4,00;3,50;2,00;53,00;1,00;14,00;;;;0,00;2,00;3,63;3,00;2,00
2,67;3,33;3,33;3,33;46,00;1,00;6,00;4,00;4,00;2,00;0,00;3,67;3,17;2,33;2,00
3,33;3,63;2,88;3,83;41,00;0,00;0,00;4,00;3,00;3,00;0,00;3,33;3,39;2,83;2,00
4,00;4,20;3,60;4,00;33,00;0,00;0,00;;;;1,00;4,80;4,00;2,80;1,00
4,00;4,00;3,00;4,00;47,00;1,00;6,00;4,00;4,00;4,00;0,00;3,50;3,75;2,50;2,00
3,50;3,83;2,80;4,20;46,00;0,00;0,00;4,00;3,00;2,00;1,00;3,17;3,58;2,50;2,00
3,47;3,75;3,06;3,21;34,00;0,00;0,00;4,00;5,00;5,00;1,00;4,00;3,40;2,85;1,00
3,40;3,60;3,00;3,67;39,00;0,00;0,00;5,00;3,00;4,00;1,00;2,67;3,37;3,00;2,00
1,50;2,50;2,25;1,75;41,00;0,00;0,00;4,00;4,00;4,00;0,00;2,25;2,00;2,50;2,00
4,20;4,60;4,00;4,25;30,00;0,00;0,00;4,00;4,00;3,00;0,00;4,40;4,25;3,60;1,00
4,00;4,00;4,00;4,00;36,00;0,00;0,00;2,00;3,00;4,00;1,00;3,00;4,00;3,00;2,00
3,67;3,33;3,00;3,67;36,00;0,00;0,00;4,00;4,00;4,00;0,00;3,67;3,42;3,33;2,00
3,50;3,50;4,00;3,50;43,00;0,00;0,00;5,00;3,00;3,00;1,00;5,00;3,63;2,50;2,00
3,50;4,00;4,00;4,00;37,00;0,00;0,00;;;;0,00;4,50;3,88;3,00;2,00
3,75;3,75;3,25;3,50;44,00;0,00;0,00;;;;0,00;4,25;3,56;3,33;1,00
3,00;3,00;3,00;3,00;43,00;1,00;4,00;;;;0,00;4,50;3,00;3,50;2,00
4,00;4,40;4,00;4,67;48,00;0,00;0,00;4,00;4,00;4,00;0,00;3,33;4,13;3,00;2,00
3,00;4,00;3,50;3,00;34,00;0,00;0,00;3,00;4,00;3,00;0,00;3,75;3,38;2,75;2,00
2,67;3,10;3,20;2,89;35,00;0,00;0,00;;;;0,00;3,90;3,03;3,00;2,00
3,00;4,00;3,00;2,00;35,00;0,00;0,00;;;;0,00;3,00;3,00;3,00;2,00
4,11;4,22;3,67;4,20;36,00;0,00;0,00;4,00;2,00;2,00;0,00;3,67;4,01;3,60;2,00
4,13;4,25;3,88;4,00;57,00;0,00;0,00;5,00;5,00;5,00;0,00;4,33;4,04;2,83;2,00
4,00;4,00;4,00;3,50;34,00;0,00;0,00;2,00;3,00;4,00;0,00;5,00;3,88;4,00;1,00
4,67;4,67;4,67;4,67;30,00;0,00;0,00;4,00;4,00;4,00;0,00;4,67;4,67;4,00;1,00
5,00;5,00;5,00;5,00;44,00;0,00;0,00;4,00;5,00;2,00;0,00;5,00;5,00;3,00;2,00
4,00;4,38;3,75;4,25;40,00;0,00;0,00;5,00;3,00;4,00;0,00;4,50;4,05;2,75;1,00
3,50;3,50;3,50;4,00;45,00;0,00;0,00;;;;0,00;4,50;3,63;3,00;2,00
4,00;4,00;4,00;4,00;54,00;1,00;5,00;4,00;3,00;4,00;0,00;5,00;4,00;2,00;2,00
3,36;4,00;3,56;3,75;50,00;1,00;5,00;4,00;4,00;3,00;0,00;4,11;3,57;3,00;2,00
2,60;3,60;3,00;3,40;55,00;0,00;0,00;4,00;1,00;2,00;0,00;3,67;3,15;2,33;1,00
3,33;3,67;3,50;3,67;40,00;0,00;0,00;2,00;1,00;2,00;0,00;3,00;3,58;2,67;1,00
3,00;2,00;3,00;4,00;54,00;0,00;0,00;1,00;;4,00;0,00;4,00;3,00;3,00;2,00
3,30;3,90;3,10;3,44;43,00;0,00;0,00;5,00;4,00;3,00;0,00;3,56;3,43;2,67;2,00
4,50;4,50;4,50;;47,00;1,00;12,00;4,00;;3,00;0,00;5,00;4,50;3,00;2,00
4,25;4,25;4,00;4,00;46,00;0,00;0,00;;;;0,00;3,50;4,19;3,50;2,00
4,33;4,50;3,83;4,40;43,00;0,00;0,00;;;;0,00;3,20;4,29;3,40;2,00
4,63;4,75;4,00;4,20;40,00;0,00;0,00;;;;0,00;4,20;4,46;3,00;2,00
4,00;4,29;4,00;4,00;42,00;0,00;0,00;4,00;3,00;3,00;0,00;4,25;4,10;3,00;2,00
3,00;3,00;3,00;4,00;43,00;1,00;7,00;1,00;5,00;5,00;0,00;5,00;3,25;3,00;2,00
4,17;4,17;4,00;4,20;56,00;0,00;0,00;;;;0,00;4,67;4,04;3,20;2,00
2,86;3,43;2,86;3,14;52,00;0,00;0,00;2,00;5,00;5,00;0,00;3,86;3,07;2,43;2,00
3,64;3,86;3,29;3,50;50,00;0,00;0,00;5,00;3,00;4,00;0,00;4,00;3,57;2,93;2,00
3,33;2,33;2,67;3,33;34,00;0,00;0,00;;;;0,00;3,33;2,92;2,67;2,00
2,75;3,50;3,00;3,75;43,00;0,00;0,00;4,00;3,00;4,00;0,00;4,25;3,50;3,20;2,00
3,50;4,00;4,00;4,00;32,00;0,00;0,00;4,00;3,00;3,00;0,00;3,67;3,69;3,00;2,00
3,00;3,40;3,50;3,10;38,00;0,00;0,00;4,00;5,00;5,00;0,00;4,10;3,25;2,70;2,00
4,00;4,00;3,00;2,00;35,00;0,00;0,00;4,00;4,00;5,00;0,00;4,00;3,25;3,00;2,00
2,33;2,83;2,00;2,83;43,00;1,00;4,00;5,00;4,00;4,00;0,00;3,17;2,50;2,33;2,00
3,71;4,00;3,86;4,00;45,00;1,00;10,00;4,00;3,00;3,00;0,00;4,14;3,89;2,83;2,00
3,67;4,00;4,33;3,67;30,00;0,00;0,00;4,00;2,00;2,00;0,00;4,33;3,92;3,33;2,00
3,60;4,00;3,40;3,60;35,00;1,00;6,00;5,00;3,00;2,00;0,00;3,40;3,65;2,60;2,00
4,00;3,00;5,00;4,00;38,00;0,00;0,00;4,00;3,00;2,00;0,00;3,00;4,00;3,00;2,00
3,40;4,20;4,60;3,40;52,00;0,00;0,00;;;;0,00;4,00;3,90;3,00;2,00
4,00;4,00;3,00;4,00;36,00;0,00;0,00;4,00;4,00;3,00;0,00;4,00;3,75;3,00;1,00
3,00;4,00;3,00;4,00;45,00;0,00;0,00;4,00;2,00;2,00;0,00;2,00;3,50;3,00;2,00
3,50;3,75;3,50;3,71;35,00;0,00;0,00;;;;0,00;3,86;3,59;2,93;2,00
2,00;4,00;4,00;2,50;;;;;;;;2,00;3,13;2,00;
2,86;3,71;3,00;3,00;35,00;0,00;0,00;;;;0,00;3,86;3,14;2,50;2,00
3,25;4,00;4,00;3,25;45,00;0,00;0,00;;;;0,00;4,00;3,63;3,25;2,00
3,73;3,91;3,73;3,67;44,00;0,00;0,00;4,00;3,00;3,00;0,00;3,89;3,80;3,25;2,00
5,00;5,00;5,00;5,00;42,00;1,00;6,00;4,00;5,00;4,00;0,00;;5,00;3,00;2,00
3,33;3,00;3,33;4,00;39,00;0,00;0,00;2,00;4,00;2,00;0,00;3,67;3,42;2,67;1,00
3,50;4,00;3,00;3,50;32,00;0,00;0,00;5,00;4,00;4,00;0,00;3,20;3,50;2,80;1,00
3,57;3,88;3,38;3,71;31,00;0,00;0,00;;;;1,00;3,71;3,66;2,86;2,00
3,00;3,50;2,50;;45,00;0,00;0,00;4,00;4,00;4,00;0,00;;3,00;;2,00
3,40;4,00;3,60;4,00;48,00;0,00;0,00;4,00;;5,00;0,00;3,33;3,65;2,33;2,00
4,20;4,00;4,00;4,00;45,00;0,00;0,00;4,00;2,00;4,00;0,00;3,60;3,90;3,00;2,00
5,00;5,00;5,00;5,00;49,00;0,00;0,00;3,00;2,00;3,00;0,00;5,00;5,00;3,00;2,00
3,00;4,00;3,00;4,00;34,00;0,00;0,00;;;;0,00;5,00;3,50;3,00;1,00
4,50;4,75;4,25;3,75;36,00;0,00;0,00;;;;0,00;4,00;4,31;3,00;2,00
3,00;3,50;3,00;2,50;41,00;1,00;4,00;4,00;4,00;;0,00;3,50;3,00;2,50;2,00
5,00;5,00;5,00;;38,00;0,00;0,00;3,00;2,00;3,00;0,00;3,00;5,00;;2,00
3,00;3,50;3,00;3,00;41,00;0,00;0,00;;;;1,00;4,00;3,13;3,00;2,00
2,00;2,00;3,00;1,33;47,00;0,00;0,00;;;;0,00;2,67;2,00;2,00;2,00
3,50;4,50;4,00;4,00;46,00;0,00;0,00;3,00;4,00;3,00;0,00;4,50;4,00;3,50;2,00
4,00;4,00;3,00;4,00;41,00;0,00;0,00;;;;0,00;5,00;3,75;4,00;2,00
4,00;4,36;3,91;4,10;43,00;0,00;0,00;;;;0,00;3,70;4,11;2,60;2,00
3,00;4,00;3,00;3,00;55,00;0,00;0,00;3,00;4,00;4,00;0,00;4,00;3,25;3,00;1,00
3,75;4,50;3,75;4,00;42,00;0,00;0,00;;;;0,00;4,33;4,05;3,33;2,00
4,00;3,75;3,75;4,33;42,00;0,00;0,00;4,00;3,00;4,00;0,00;4,25;3,85;3,00;2,00
3,50;4,33;3,17;3,75;56,00;1,00;14,00;;;;0,00;2,75;3,69;2,00;2,00
4,00;4,50;4,33;4,00;41,00;1,00;15,00;;;;0,00;4,00;4,25;3,20;2,00
3,75;4,13;3,63;3,63;59,00;0,00;0,00;;;;0,00;3,75;3,78;3,00;2,00
3,50;4,00;2,00;3,50;29,00;0,00;0,00;5,00;4,00;3,00;0,00;3,50;3,25;3,00;1,00
4,00;4,00;3,75;3,90;56,00;0,00;0,00;4,00;2,00;2,00;0,00;3,50;3,91;3,10;2,00
3,90;4,20;3,90;3,80;49,00;0,00;0,00;;;;0,00;3,60;3,95;2,90;2,00
2,75;3,75;2,75;3,50;42,00;0,00;0,00;4,00;2,00;3,00;0,00;3,50;3,19;2,75;1,00
4,50;4,50;4,50;4,00;52,00;0,00;0,00;;;;0,00;4,00;4,38;3,00;2,00
3,60;3,80;3,00;4,00;56,00;0,00;0,00;;;;0,00;3,50;3,47;3,00;1,00
3,50;4,00;3,50;4,00;52,00;0,00;0,00;4,00;4,00;3,00;0,00;3,00;3,75;2,50;2,00
3,50;4,00;3,50;3,50;32,00;0,00;0,00;;;;0,00;3,50;3,63;2,50;2,00
2,86;3,14;2,86;3,14;54,00;0,00;0,00;;;;0,00;3,86;3,00;2,50;2,00
4,00;4,00;4,00;;33,00;0,00;0,00;4,00;5,00;2,00;0,00;;4,00;;2,00
3,50;3,50;3,00;3,00;28,00;0,00;0,00;4,00;5,00;4,00;0,00;4,50;3,25;3,50;2,00
3,67;4,00;3,33;4,00;40,00;0,00;0,00;;;;0,00;4,33;3,75;3,33;2,00
3,63;4,00;3,50;3,33;29,00;0,00;0,00;4,00;3,00;4,00;0,00;3,00;3,69;3,17;1,00
3,50;4,00;3,50;4,00;42,00;0,00;0,00;;;;0,00;5,00;3,75;2,50;2,00
3,60;4,00;3,60;3,75;49,00;0,00;0,00;4,00;4,00;3,00;0,00;3,80;3,72;3,00;2,00
2,80;3,40;3,00;3,20;47,00;0,00;0,00;;;;0,00;3,67;3,10;3,17;2,00
3,00;4,00;3,00;5,00;44,00;1,00;14,00;5,00;3,00;4,00;1,00;5,00;3,75;3,00;2,00
3,50;4,00;3,33;3,25;42,00;0,00;0,00;4,00;2,00;2,00;0,00;3,00;3,58;2,50;2,00
3,00;3,33;2,33;3,50;54,00;0,00;0,00;4,00;;4,00;0,00;2,67;2,92;2,00;2,00
4,33;4,00;4,00;4,50;47,00;1,00;18,00;5,00;5,00;4,00;0,00;4,33;4,19;3,00;2,00
3,00;3,33;2,67;2,33;39,00;0,00;0,00;;;;0,00;2,67;2,83;2,33;2,00
3,13;3,62;2,86;3,00;39,00;0,00;0,00;;;;0,00;3,38;3,09;3,06;1,00
3,18;3,40;2,70;3,44;50,00;0,00;0,00;5,00;5,00;5,00;0,00;3,27;3,29;2,73;2,00
3,40;3,56;3,22;3,80;31,00;0,00;0,00;;;;0,00;3,00;3,38;2,86;2,00
2,50;3,00;3,50;3,00;52,00;0,00;0,00;;;;0,00;3,50;3,00;2,50;2,00
2,86;3,14;2,57;2,86;38,00;0,00;0,00;4,00;4,00;4,00;0,00;3,75;2,86;2,63;2,00
3,00;3,00;4,00;4,00;47,00;1,00;16,00;4,00;3,00;5,00;0,00;5,00;3,50;3,00;2,00
4,50;5,00;5,00;4,50;32,00;0,00;0,00;;;;0,00;5,00;4,75;3,00;1,00
3,40;3,80;3,60;4,50;45,00;0,00;0,00;4,00;5,00;5,00;0,00;4,00;3,60;2,00;2,00
3,13;4,00;3,13;3,86;33,00;0,00;0,00;5,00;3,00;4,00;0,00;3,57;3,47;2,57;1,00
2,50;4,00;2,25;3,33;52,00;0,00;0,00;3,00;3,00;3,00;0,00;3,00;2,69;3,00;2,00
5,00;5,00;5,00;4,50;41,00;0,00;0,00;3,00;2,00;2,00;0,00;4,50;4,88;2,50;2,00
3,55;3,64;3,37;3,56;53,00;0,00;0,00;;;;0,00;4,30;3,50;3,15;1,00
3,75;3,75;4,00;4,50;47,00;0,00;0,00;;;;0,00;3,80;4,00;2,40;2,00
3,27;3,78;3,25;3,63;38,00;0,00;0,00;5,00;1,00;1,00;0,00;4,20;3,29;2,91;2,00
3,30;3,10;3,00;2,90;30,00;0,00;0,00;;;;0,00;3,90;3,10;2,67;2,00
4,40;4,55;4,27;4,36;57,00;0,00;0,00;5,00;4,00;4,00;0,00;4,82;4,41;3,00;1,00
4,00;5,00;4,00;5,00;46,00;1,00;9,00;;;;0,00;5,00;4,50;3,00;2,00
3,42;3,80;3,40;3,60;41,00;0,00;0,00;;;;0,00;3,82;3,48;2,92;1,00
3,50;3,50;3,50;3,50;56,00;0,00;0,00;2,00;1,00;2,00;0,00;5,00;3,50;3,00;2,00
3,00;3,33;2,25;2,50;43,00;0,00;0,00;;;;0,00;2,50;2,50;2,00;1,00
3,33;4,00;3,33;2,67;48,00;1,00;8,00;3,00;3,00;3,00;0,00;3,67;3,33;2,33;2,00
3,33;3,80;3,11;3,60;28,00;0,00;0,00;4,00;4,00;4,00;0,00;4,00;3,50;3,13;1,00
2,67;3,33;3,33;4,00;41,00;0,00;0,00;;;;0,00;3,67;3,33;3,00;2,00
4,50;4,50;4,50;4,50;45,00;1,00;11,00;3,00;3,00;4,00;0,00;4,75;4,50;3,00;2,00
4,20;4,60;3,60;3,75;41,00;0,00;0,00;4,00;4,00;4,00;1,00;4,50;4,05;2,50;2,00
4,00;4,50;3,80;4,17;41,00;0,00;0,00;5,00;3,00;3,00;0,00;3,20;4,12;2,75;2,00
3,00;4,00;3,50;2,00;38,00;0,00;0,00;4,00;4,00;4,00;0,00;2,00;3,29;3,00;2,00
3,18;3,91;3,18;3,13;31,00;0,00;0,00;4,00;1,00;2,00;0,00;3,00;3,42;2,88;2,00
3,50;3,86;3,50;3,71;36,00;0,00;0,00;4,00;2,00;3,00;0,00;4,50;3,68;3,83;2,00
3,67;4,67;3,67;4,67;42,00;1,00;6,00;5,00;5,00;4,00;0,00;4,00;4,17;3,00;2,00
2,75;3,50;3,33;2,50;39,00;0,00;0,00;5,00;4,00;5,00;0,00;4,00;3,06;2,75;1,00
4,00;3,00;4,00;4,00;39,00;1,00;3,00;4,00;4,00;4,00;1,00;5,00;3,75;4,00;1,00
3,60;3,80;3,80;3,00;35,00;0,00;0,00;;;;0,00;4,20;3,55;3,50;1,00
3,50;4,00;4,00;4,00;41,00;1,00;3,00;3,00;5,00;4,00;0,00;3,50;3,88;3,00;2,00
2,50;3,50;3,00;3,75;50,00;0,00;0,00;5,00;1,00;1,00;0,00;3,75;3,19;3,00;2,00
4,00;3,83;3,33;4,00;38,00;0,00;0,00;5,00;4,00;3,00;0,00;3,17;3,58;2,33;2,00
4,75;4,71;4,50;4,63;50,00;0,00;0,00;5,00;5,00;4,00;0,00;3,75;4,66;2,75;1,00
5,00;5,00;5,00;5,00;42,00;1,00;9,00;;;;0,00;5,00;5,00;3,00;2,00
3,80;4,10;3,20;3,80;47,00;0,00;0,00;3,00;2,00;1,00;0,00;3,89;3,73;3,43;2,00
3,78;3,90;3,75;3,63;47,00;1,00;6,00;;;;0,00;3,75;3,73;2,88;2,00
4,00;4,11;3,67;4,14;46,00;0,00;0,00;4,00;4,00;2,00;0,00;4,00;4,06;2,88;2,00
3,60;4,00;3,60;4,00;44,00;1,00;8,00;4,00;3,00;2,00;0,00;2,67;3,83;2,33;2,00
3,21;3,38;2,88;3,28;44,00;0,00;0,00;;;;0,00;3,95;3,14;2,85;1,00
3,50;3,67;2,83;3,80;43,00;0,00;0,00;;;;0,00;4,50;3,36;3,20;2,00
3,20;4,00;3,80;3,40;41,00;0,00;0,00;5,00;2,00;2,00;0,00;3,80;3,60;3,00;2,00
3,78;4,00;3,22;3,89;36,00;0,00;0,00;5,00;4,00;4,00;0,00;4,22;3,72;3,29;2,00
2,57;3,29;3,00;3,14;40,00;0,00;0,00;4,00;3,00;4,00;0,00;4,00;3,00;2,71;2,00
5,00;5,00;5,00;4,00;37,00;1,00;11,00;4,00;4,00;4,00;1,00;4,00;4,75;3,00;2,00
3,25;4,25;2,25;3,67;37,00;0,00;0,00;4,00;5,00;5,00;0,00;4,00;3,29;3,00;2,00
3,20;3,80;3,70;3,11;34,00;0,00;0,00;;;;0,00;4,00;3,43;3,20;1,00
2,33;2,33;3,33;2,67;37,00;0,00;0,00;5,00;5,00;3,00;1,00;3,67;2,67;2,67;2,00
3,00;3,00;3,00;1,00;27,00;0,00;0,00;;;;0,00;4,00;2,50;3,00;2,00
3,10;3,50;3,60;3,11;40,00;0,00;0,00;3,00;4,00;2,00;0,00;3,70;3,33;3,00;2,00
3,12;3,35;2,88;3,73;50,00;0,00;0,00;;;;0,00;3,53;3,24;2,40;2,00
2,50;3,00;2,00;3,00;46,00;1,00;8,00;5,00;5,00;5,00;0,00;4,50;2,67;3,00;2,00
3,25;3,75;3,25;3,67;41,00;0,00;0,00;;;;0,00;3,00;3,52;2,33;2,00
2,56;3,11;3,11;2,89;51,00;0,00;0,00;3,00;3,00;2,00;0,00;3,78;2,92;3,00;2,00
3,40;3,40;3,60;3,80;47,00;0,00;0,00;;;;0,00;3,60;3,55;2,40;2,00
5,00;5,00;5,00;5,00;26,00;0,00;0,00;5,00;5,00;5,00;0,00;5,00;5,00;3,00;2,00
4,00;5,00;4,00;4,00;45,00;1,00;6,00;;;;0,00;3,00;4,25;3,00;2,00
3,50;3,75;4,00;3,50;51,00;0,00;0,00;;;;0,00;4,00;3,69;3,00;2,00
4,00;4,00;3,00;4,00;44,00;0,00;0,00;5,00;3,00;5,00;0,00;4,00;3,75;3,00;2,00
4,00;4,67;3,50;3,67;41,00;0,00;0,00;4,00;4,00;2,00;0,00;3,75;3,75;3,25;2,00
3,57;4,00;3,57;4,00;40,00;0,00;0,00;;;;0,00;3,60;3,73;3,00;2,00
3,75;3,76;3,76;3,36;42,00;0,00;0,00;5,00;3,00;3,00;0,00;2,56;3,75;2,30;2,00
3,25;3,40;3,60;3,20;42,00;0,00;0,00;;;;1,00;4,80;3,35;3,00;2,00
4,00;4,00;4,00;5,00;39,00;0,00;0,00;2,00;3,00;2,00;1,00;4,00;4,25;;2,00
3,25;3,50;3,17;3,14;41,00;0,00;0,00;3,00;3,00;3,00;0,00;4,38;3,27;3,13;2,00
3,00;4,00;4,00;4,00;38,00;0,00;0,00;4,00;3,00;4,00;0,00;3,00;3,75;3,00;2,00
3,50;3,50;3,50;3,50;26,00;0,00;0,00;5,00;;2,00;0,00;3,00;3,50;3,00;2,00
3,25;3,50;3,75;3,50;37,00;0,00;0,00;3,00;3,00;3,00;0,00;4,00;3,50;3,25;2,00
4,00;4,00;4,00;3,00;38,00;0,00;0,00;;;;0,00;5,00;3,75;5,00;2,00
2,00;2,33;2,00;2,67;42,00;0,00;0,00;3,00;3,00;4,00;0,00;2,67;2,25;2,33;1,00
3,33;3,33;2,33;4,00;41,00;0,00;0,00;1,00;3,00;2,00;0,00;2,00;3,14;2,50;2,00
3,50;4,50;3,50;3,00;36,00;0,00;0,00;3,00;2,00;2,00;1,00;5,00;3,63;3,00;1,00
4,75;4,50;4,75;4,75;37,00;0,00;0,00;4,00;3,00;4,00;0,00;4,75;4,69;3,00;2,00
3,00;3,50;2,50;2,00;37,00;0,00;0,00;;;;0,00;2,50;3,00;2,00;2,00
3,00;4,00;3,00;3,00;43,00;0,00;0,00;;;;0,00;2,50;3,25;2,00;2,00
3,00;2,50;2,50;3,50;35,00;0,00;0,00;;;;0,00;3,00;2,88;3,00;1,00
3,20;3,50;4,00;3,00;55,00;0,00;0,00;4,00;4,00;5,00;0,00;4,33;3,42;3,00;2,00
2,00;3,00;2,50;2,00;33,00;1,00;5,00;4,00;5,00;5,00;1,00;3,00;2,38;3,00;2,00
4,00;3,67;3,67;3,00;40,00;0,00;0,00;4,00;4,00;;0,00;4,00;3,58;3,33;1,00
3,50;4,00;4,00;3,40;43,00;0,00;0,00;4,00;3,00;4,00;0,00;4,40;3,75;3,33;2,00
4,00;4,33;4,00;3,67;35,00;0,00;0,00;4,00;4,00;4,00;0,00;4,00;4,00;3,00;2,00
3,13;3,88;3,13;3,67;36,00;0,00;0,00;;;;0,00;3,17;3,47;2,83;2,00
3,25;3,00;3,00;3,50;29,00;0,00;0,00;;;;0,00;3,25;3,13;2,67;2,00
3,40;4,00;3,40;3,75;32,00;0,00;0,00;5,00;1,00;3,00;0,00;3,40;3,65;3,33;1,00
2,00;3,00;4,00;3,00;50,00;1,00;6,00;;;;0,00;5,00;3,00;3,00;1,00
2,00;3,00;3,00;4,00;31,00;0,00;0,00;;;;1,00;3,00;3,00;2,00;2,00
4,50;4,60;4,00;4,50;48,00;0,00;0,00;4,00;4,00;3,00;0,00;3,50;4,35;3,00;2,00
3,00;3,57;3,14;3,29;40,00;0,00;0,00;;;;0,00;3,00;3,25;2,71;2,00
2,50;3,00;3,50;3,50;34,00;0,00;0,00;;;;0,00;3,50;3,13;3,00;2,00
4,00;3,00;2,00;4,00;45,00;0,00;0,00;;;;0,00;4,00;3,25;3,00;2,00
4,25;4,38;4,38;4,60;31,00;0,00;0,00;3,00;4,00;4,00;0,00;3,86;4,38;3,14;2,00
3,75;4,23;3,92;4,14;48,00;0,00;0,00;4,00;4,00;4,00;0,00;3,71;4,00;2,57;2,00
2,25;3,50;2,75;2,75;34,00;1,00;7,00;5,00;3,00;3,00;0,00;3,00;2,81;2,50;2,00
4,22;4,44;3,63;4,00;39,00;0,00;0,00;;;;0,00;3,75;4,10;3,17;2,00
3,43;3,57;3,71;3,14;40,00;0,00;0,00;;;;0,00;3,83;3,46;3,57;2,00
3,00;3,13;3,50;2,50;38,00;0,00;0,00;;4,00;4,00;0,00;3,86;3,03;3,00;2,00
3,67;3,67;4,33;3,67;46,00;0,00;0,00;3,00;2,00;2,00;0,00;4,33;3,83;3,33;2,00
4,33;4,33;4,33;4,33;46,00;0,00;0,00;4,00;1,00;1,00;0,00;5,00;4,33;3,00;2,00
2,89;2,78;3,00;3,50;35,00;0,00;0,00;;;;1,00;3,00;2,94;2,80;2,00
4,00;3,50;3,00;4,00;46,00;0,00;0,00;3,00;4,00;2,00;0,00;4,50;3,63;2,75;2,00
2,50;2,50;2,50;1,00;48,00;0,00;0,00;4,00;4,00;3,00;0,00;2,00;2,13;3,00;2,00
3,00;3,33;3,00;2,67;39,00;0,00;0,00;;;;0,00;3,25;3,00;3,33;2,00
3,50;4,00;4,50;4,00;40,00;0,00;0,00;3,00;4,00;4,00;0,00;4,50;4,00;4,50;2,00
3,33;3,67;3,00;3,33;54,00;0,00;0,00;5,00;5,00;5,00;0,00;4,00;3,33;3,33;2,00
3,00;3,50;2,50;3,60;47,00;0,00;0,00;;;;0,00;3,00;3,14;2,60;2,00
4,00;4,00;3,00;3,67;43,00;1,00;4,00;;;;0,00;4,33;3,67;3,33;2,00
3,50;3,83;3,83;3,80;31,00;0,00;0,00;4,00;4,00;4,00;1,00;3,67;3,74;3,20;2,00
4,67;5,00;4,67;4,50;40,00;0,00;0,00;4,00;4,00;4,00;0,00;3,50;4,75;3,00;2,00
4,50;4,00;4,00;4,25;52,00;1,00;16,00;;;;1,00;4,50;4,19;3,25;2,00
4,00;5,00;5,00;4,00;38,00;0,00;0,00;1,00;4,00;3,00;0,00;5,00;4,50;3,00;2,00
3,43;3,71;2,86;3,25;53,00;0,00;0,00;4,00;;3,00;0,00;3,00;3,35;2,00;2,00
2,67;4,50;2,33;4,00;29,00;0,00;0,00;;;;0,00;3,33;3,00;3,00;2,00
3,33;3,33;3,00;3,00;26,00;0,00;0,00;3,00;3,00;2,00;0,00;4,00;3,17;2,00;2,00
4,00;3,00;3,00;3,00;51,00;0,00;0,00;;;;0,00;4,00;3,25;3,00;2,00
3,00;3,50;2,50;3,50;49,00;0,00;0,00;3,00;4,00;3,00;0,00;4,50;3,13;3,00;1,00
5,00;4,50;4,50;4,50;31,00;0,00;0,00;5,00;4,00;5,00;0,00;5,00;4,63;3,50;2,00
3,82;4,36;4,09;3,80;36,00;0,00;0,00;5,00;4,00;5,00;0,00;4,70;4,03;3,22;1,00
4,00;4,00;3,00;4,00;50,00;1,00;6,00;4,00;5,00;3,00;0,00;4,00;3,75;4,00;2,00
4,00;4,00;3,00;4,00;42,00;0,00;0,00;;;;0,00;5,00;3,75;4,00;2,00
3,40;3,83;3,50;3,20;28,00;0,00;0,00;;;;0,00;3,50;3,54;3,20;2,00
3,50;4,25;3,50;3,67;44,00;1,00;4,00;3,00;4,00;4,00;0,00;4,67;3,73;2,33;2,00
;1,00;;;39,00;1,00;5,00;;;;0,00;2,00;1,00;;2,00
3,80;4,00;3,80;3,50;53,00;0,00;0,00;4,00;4,00;3,00;0,00;4,00;3,65;2,80;2,00
3,50;4,25;3,50;3,75;27,00;0,00;0,00;;;;0,00;4,25;3,75;3,00;1,00
1,00;2,00;3,00;;47,00;0,00;0,00;4,00;5,00;4,00;0,00;3,00;2,00;;2,00
1,00;1,00;3,00;3,00;;;;;;;;1,00;2,00;2,00;
2,50;3,50;3,00;3,00;33,00;0,00;0,00;5,00;4,00;4,00;0,00;3,00;3,00;2,00;2,00
3,50;4,07;3,14;3,50;33,00;0,00;0,00;5,00;4,00;4,00;0,00;3,50;3,58;2,78;2,00
4,00;4,00;3,00;4,50;57,00;0,00;0,00;;;;0,00;4,00;3,88;2,00;2,00
3,40;4,50;4,20;3,80;49,00;0,00;0,00;4,00;3,00;4,00;0,00;3,60;3,97;3,20;1,00
3,25;3,00;3,25;4,00;50,00;0,00;0,00;4,00;2,00;3,00;0,00;3,67;3,19;3,33;2,00
3,00;3,33;4,00;3,33;35,00;0,00;0,00;4,00;4,00;4,00;0,00;4,00;3,42;2,67;2,00
3,00;2,00;2,00;3,00;32,00;0,00;0,00;5,00;5,00;5,00;0,00;4,00;2,50;2,00;2,00
3,67;4,33;3,33;3,33;36,00;0,00;0,00;;;;0,00;3,33;3,67;2,33;1,00
3,67;3,67;3,67;3,67;32,00;0,00;0,00;;;;0,00;4,00;3,67;3,00;1,00
3,80;4,00;4,00;4,00;36,00;0,00;0,00;5,00;4,00;4,00;1,00;4,00;3,95;3,20;2,00
2,00;2,00;1,67;2,00;33,00;0,00;0,00;4,00;2,00;3,00;0,00;5,00;1,86;3,00;2,00
4,33;4,33;4,33;4,50;32,00;0,00;0,00;;;;0,00;4,33;4,33;3,33;2,00
3,40;3,80;3,00;3,60;45,00;0,00;0,00;3,00;4,00;4,00;0,00;4,00;3,50;3,00;1,00
3,50;3,82;3,83;3,42;44,00;0,00;0,00;5,00;5,00;5,00;0,00;4,09;3,63;3,09;2,00
3,00;4,00;2,00;3,00;43,00;0,00;0,00;5,00;5,00;4,00;0,00;3,00;3,00;3,00;2,00
2,00;3,00;2,00;2,33;45,00;0,00;0,00;;;;0,00;2,67;2,33;3,00;2,00
3,25;3,25;3,25;3,75;27,00;0,00;0,00;5,00;;4,00;0,00;4,00;3,38;3,00;1,00
1,50;3,50;3,50;3,00;29,00;0,00;0,00;3,00;5,00;4,00;0,00;3,50;2,88;4,00;2,00
3,50;3,75;4,00;3,50;45,00;0,00;0,00;;;;0,00;5,00;3,69;3,00;1,00
2,75;3,25;3,50;2,25;28,00;0,00;0,00;5,00;4,00;4,00;0,00;4,00;2,94;3,00;2,00
3,36;3,92;3,69;3,62;47,00;0,00;0,00;;;;0,00;3,86;3,61;2,73;2,00
2,75;3,00;2,67;3,00;37,00;0,00;0,00;;;;0,00;3,75;2,94;2,67;2,00
3,86;4,17;3,71;3,88;35,00;0,00;0,00;;;;0,00;3,63;3,78;2,83;2,00
3,67;3,67;3,67;4,00;47,00;0,00;0,00;;;;0,00;3,67;3,75;3,33;2,00
3,00;3,56;2,89;3,11;49,00;0,00;0,00;4,00;5,00;5,00;0,00;4,33;3,14;3,11;2,00
3,67;4,33;4,00;3,67;;;;;;;;4,67;3,92;3,33;
4,00;4,33;4,00;4,00;47,00;0,00;0,00;;;;0,00;4,00;4,08;3,00;2,00
4,00;4,00;3,00;3,00;29,00;0,00;0,00;4,00;4,00;4,00;0,00;4,50;3,50;3,00;2,00
4,50;4,50;4,50;4,00;31,00;0,00;0,00;4,00;4,00;4,00;0,00;4,50;4,38;3,00;1,00
3,33;3,45;3,67;3,50;52,00;0,00;0,00;4,00;3,00;3,00;0,00;3,50;3,48;2,92;2,00
3,00;4,00;5,00;5,00;41,00;1,00;11,00;;;;0,00;2,00;4,25;3,00;2,00
3,00;2,75;3,00;3,25;39,00;0,00;0,00;;;;0,00;4,25;3,00;2,75;2,00
2,75;3,00;3,00;3,00;46,00;0,00;0,00;4,00;4,00;4,00;0,00;3,75;2,92;3,00;2,00
2,50;4,00;2,50;5,00;34,00;0,00;0,00;;;;0,00;3,00;2,88;3,50;2,00
3,50;3,86;4,50;3,83;51,00;0,00;0,00;;;;0,00;4,17;3,93;2,83;2,00
4,00;4,25;4,00;3,75;35,00;0,00;0,00;;;;0,00;4,50;4,00;2,50;2,00
4,50;5,00;4,50;4,50;47,00;1,00;4,00;4,00;3,00;3,00;0,00;5,00;4,63;3,50;2,00
3,50;4,50;4,00;3,50;34,00;0,00;0,00;3,00;3,00;4,00;0,00;3,50;3,88;1,00;2,00
2,00;4,00;4,00;2,00;36,00;0,00;0,00;5,00;5,00;5,00;0,00;4,00;3,00;3,00;2,00
3,00;2,67;2,67;2,50;44,00;0,00;0,00;;;;0,00;3,33;2,78;3,67;2,00
3,00;3,57;3,14;3,33;40,00;0,00;0,00;;;;0,00;3,71;3,21;3,40;2,00
3,50;3,33;3,33;4,00;32,00;0,00;0,00;1,00;4,00;5,00;0,00;5,00;3,42;2,75;2,00
2,50;3,33;2,83;3,00;27,00;0,00;0,00;3,00;4,00;4,00;0,00;3,00;2,92;2,50;1,00
3,33;3,50;4,00;4,00;27,00;0,00;0,00;;;;0,00;4,33;3,64;3,00;1,00
2,25;3,25;2,50;3,00;35,00;0,00;0,00;2,00;4,00;2,00;0,00;3,75;2,75;2,25;2,00
3,80;4,00;3,80;4,00;41,00;0,00;0,00;4,00;4,00;4,00;0,00;4,00;3,90;3,00;2,00
4,00;4,00;4,00;;41,00;1,00;5,00;4,00;5,00;4,00;0,00;;4,00;;1,00
4,50;4,50;4,00;4,50;46,00;0,00;0,00;5,00;4,00;4,00;0,00;4,50;4,38;4,00;2,00
3,00;3,00;4,00;4,00;36,00;0,00;0,00;4,00;4,00;4,00;0,00;4,00;3,50;4,00;2,00
3,50;3,50;3,38;3,40;30,00;0,00;0,00;4,00;4,00;3,00;0,00;3,60;3,47;3,20;2,00
3,00;4,00;3,00;3,00;41,00;1,00;1,00;5,00;4,00;3,00;0,00;5,00;3,25;3,00;2,00
3,40;3,80;3,80;3,75;41,00;0,00;0,00;5,00;5,00;5,00;0,00;3,80;3,65;3,00;2,00
2,67;3,00;2,67;3,33;36,00;0,00;0,00;;;;0,00;3,00;2,92;2,33;2,00
3,00;3,00;3,00;3,00;42,00;0,00;0,00;;;;0,00;4,00;3,00;4,00;2,00
3,50;3,50;3,50;5,00;44,00;0,00;0,00;4,00;5,00;4,00;0,00;4,50;3,88;3,00;2,00
3,00;3,29;2,75;3,57;35,00;0,00;0,00;5,00;;4,00;0,00;3,63;2,94;2,86;1,00
3,50;4,50;3,00;3,50;38,00;0,00;0,00;4,00;4,00;2,00;1,00;3,00;3,63;2,50;2,00
;;1,00;3,00;64,00;1,00;8,00;;;;0,00;3,00;2,00;1,00;2,00
3,17;3,00;3,00;3,00;28,00;0,00;0,00;4,00;2,00;1,00;0,00;3,67;3,04;3,00;2,00
4,00;4,33;3,00;3,67;36,00;0,00;0,00;2,00;5,00;3,00;1,00;3,50;3,92;2,33;2,00
4,00;4,25;4,33;3,67;40,00;0,00;0,00;4,00;3,00;2,00;0,00;4,00;4,06;2,67;2,00
3,20;3,60;3,20;3,33;43,00;0,00;0,00;5,00;3,00;4,00;0,00;3,50;3,35;2,67;2,00
4,00;4,00;4,00;4,00;39,00;0,00;0,00;;;;0,00;4,00;4,00;3,00;2,00
3,57;3,57;3,43;3,71;40,00;0,00;0,00;4,00;5,00;5,00;1,00;4,00;3,57;2,50;2,00
2,83;3,17;2,83;2,83;31,00;0,00;0,00;;;;0,00;4,00;2,92;3,00;2,00
3,00;2,50;2,00;2,00;44,00;0,00;0,00;5,00;4,00;4,00;1,00;4,00;2,38;3,50;2,00
3,67;3,67;3,67;3,67;35,00;0,00;0,00;;;;0,00;3,33;3,67;2,50;2,00
3,00;4,00;4,00;4,00;36,00;1,00;5,00;5,00;4,00;3,00;1,00;4,00;3,75;4,00;1,00
4,00;4,50;4,50;4,00;27,00;0,00;0,00;;;;0,00;5,00;4,33;3,00;2,00
3,00;3,00;2,00;3,00;41,00;0,00;0,00;5,00;3,00;3,00;0,00;3,00;2,75;3,00;2,00
3,00;3,00;3,00;2,00;50,00;0,00;0,00;;;;0,00;5,00;2,75;3,00;2,00
1,00;3,00;2,00;2,00;41,00;0,00;0,00;;;;0,00;2,00;2,00;3,00;2,00
3,33;4,00;4,33;3,67;54,00;1,00;2,00;4,00;4,00;4,00;0,00;3,67;3,83;3,33;2,00
3,14;3,33;2,86;3,33;49,00;0,00;0,00;4,00;;4,00;0,00;3,57;3,14;2,71;2,00
4,67;4,67;4,33;4,33;48,00;0,00;0,00;;;;0,00;4,00;4,50;3,00;1,00
4,33;4,33;4,00;4,00;49,00;0,00;0,00;3,00;3,00;3,00;0,00;4,00;4,22;3,00;1,00
3,40;4,20;3,75;3,50;51,00;0,00;0,00;;;;0,00;3,33;3,75;2,33;2,00
3,25;3,50;3,50;3,29;34,00;0,00;0,00;;;;0,00;4,29;3,38;3,25;2,00
5,00;5,00;5,00;5,00;42,00;0,00;0,00;4,00;5,00;3,00;0,00;4,00;5,00;3,00;2,00
4,50;4,50;4,00;4,50;43,00;0,00;0,00;4,00;4,00;4,00;0,00;4,00;4,38;4,00;2,00
3,67;3,50;4,00;4,00;37,00;0,00;0,00;5,00;4,00;3,00;0,00;4,00;3,44;3,50;2,00
3,00;3,00;4,00;4,00;30,00;0,00;0,00;3,00;4,00;3,00;0,00;4,00;3,50;3,00;2,00
3,00;3,83;3,60;3,17;34,00;0,00;0,00;;;;0,00;3,83;3,46;3,00;2,00
3,60;3,40;3,20;3,00;45,00;0,00;0,00;1,00;4,00;4,00;0,00;3,80;3,30;3,60;1,00
2,60;2,67;3,20;2,67;36,00;0,00;0,00;4,00;3,00;3,00;0,00;4,00;2,79;3,17;2,00
3,00;5,00;1,00;5,00;49,00;0,00;0,00;4,00;4,00;4,00;0,00;2,00;3,50;1,00;1,00
3,67;3,83;3,83;4,00;51,00;0,00;0,00;;;;0,00;4,00;3,83;2,83;1,00
4,50;4,50;4,00;;39,00;0,00;0,00;4,00;3,00;3,00;1,00;5,00;4,33;;2,00
3,00;3,80;3,40;3,00;41,00;0,00;0,00;3,00;3,00;4,00;0,00;3,80;3,30;2,80;2,00
2,33;3,00;3,33;2,33;30,00;0,00;0,00;4,00;3,00;3,00;0,00;3,33;2,75;3,00;2,00
;4,00;2,00;3,00;35,00;0,00;0,00;4,00;4,00;4,00;0,00;3,67;3,00;2,75;1,00
3,42;3,92;3,36;3,78;31,00;0,00;0,00;5,00;5,00;5,00;0,00;3,40;3,66;3,33;2,00
4,40;4,20;4,20;3,75;49,00;0,00;0,00;3,00;4,00;3,00;0,00;4,25;4,20;3,75;2,00
3,00;3,50;2,50;2,50;34,00;0,00;0,00;4,00;3,00;3,00;0,00;3,00;2,88;2,00;2,00
3,00;3,40;2,60;3,00;36,00;0,00;0,00;5,00;5,00;4,00;0,00;3,40;3,00;3,40;2,00
3,50;4,00;4,00;4,50;40,00;0,00;0,00;;;;0,00;4,50;4,00;3,50;2,00
2,50;3,50;3,00;3,00;36,00;0,00;0,00;5,00;3,00;3,00;0,00;4,50;3,00;3,00;2,00
3,00;4,00;3,50;3,00;36,00;0,00;0,00;4,00;4,00;4,00;0,00;4,00;3,38;2,50;1,00
2,80;3,25;3,00;2,60;28,00;0,00;0,00;;;;0,00;4,25;2,82;3,33;2,00
2,25;2,25;2,50;2,25;39,00;0,00;0,00;4,00;4,00;4,00;0,00;3,75;2,31;2,00;2,00
2,00;3,00;2,00;4,00;30,00;0,00;0,00;;;;0,00;4,00;2,75;3,00;2,00
4,00;4,50;4,00;;44,00;0,00;0,00;5,00;4,00;4,00;0,00;;4,17;;2,00
3,50;4,00;3,63;3,67;38,00;0,00;0,00;5,00;4,00;4,00;0,00;3,33;3,66;3,17;2,00
4,33;4,67;4,00;4,33;46,00;0,00;0,00;5,00;5,00;5,00;0,00;4,00;4,33;2,50;2,00
3,67;3,83;3,33;3,40;31,00;0,00;0,00;;;;0,00;2,75;3,58;2,80;2,00
3,50;4,50;3,50;4,00;46,00;0,00;0,00;5,00;4,00;4,00;0,00;3,00;3,88;3,00;2,00
3,00;4,00;2,00;4,00;38,00;0,00;0,00;5,00;4,00;4,00;0,00;2,50;3,63;2,00;2,00
3,00;3,00;3,00;3,00;50,00;0,00;0,00;5,00;5,00;4,00;0,00;3,00;3,00;2,00;2,00
3,67;4,00;3,67;3,80;38,00;0,00;0,00;5,00;5,00;5,00;0,00;3,80;3,72;3,20;2,00
4,00;4,00;4,00;4,00;39,00;0,00;0,00;5,00;5,00;2,00;0,00;4,00;4,02;3,33;2,00
3,75;4,00;4,00;3,50;41,00;0,00;0,00;5,00;3,00;5,00;0,00;4,00;3,83;3,00;1,00
3,00;4,00;4,00;3,00;33,00;0,00;0,00;5,00;5,00;4,00;0,00;5,00;3,50;4,00;2,00
3,00;3,00;3,00;3,00;26,00;0,00;0,00;3,00;3,00;3,00;1,00;4,00;3,00;4,00;2,00
2,50;3,00;2,00;2,50;44,00;0,00;0,00;4,00;4,00;4,00;0,00;5,00;2,50;3,00;2,00
3,67;4,00;3,33;4,00;36,00;0,00;0,00;5,00;4,00;5,00;0,00;4,00;3,69;3,00;2,00
3,40;3,80;3,20;3,50;35,00;0,00;0,00;;;;0,00;3,63;3,45;3,00;2,00
3,11;3,20;2,80;3,33;32,00;0,00;0,00;;;;0,00;3,17;3,00;2,83;2,00
3,50;4,33;3,17;3,83;42,00;0,00;0,00;;;;0,00;3,83;3,71;3,17;2,00
3,50;3,50;3,25;3,67;30,00;0,00;0,00;3,00;4,00;3,00;0,00;2,67;3,54;3,00;2,00
3,00;4,00;5,00;4,00;49,00;1,00;8,00;;;;0,00;5,00;4,00;3,00;2,00
2,00;1,00;1,00;2,00;46,00;0,00;0,00;;;;0,00;2,00;1,50;1,00;2,00
1,00;3,00;1,00;2,00;25,00;0,00;0,00;4,00;3,00;3,00;0,00;1,00;1,75;1,00;2,00
4,00;4,00;3,50;4,00;50,00;0,00;0,00;;4,00;4,00;0,00;5,00;3,50;3,00;2,00
3,00;3,00;4,00;;27,00;0,00;0,00;5,00;4,00;4,00;0,00;4,00;3,33;;2,00
3,50;3,50;3,00;3,67;42,00;0,00;0,00;;;;0,00;4,17;3,42;3,17;1,00
3,60;3,60;3,00;3,50;26,00;0,00;0,00;;;;0,00;4,60;3,40;3,00;1,00
3,00;3,00;3,00;4,00;29,00;0,00;0,00;4,00;4,00;5,00;1,00;4,00;3,25;4,00;1,00
4,00;4,00;4,00;4,00;40,00;0,00;0,00;4,00;4,00;4,00;0,00;5,00;4,00;3,00;2,00
3,20;3,60;3,60;3,00;32,00;0,00;0,00;5,00;4,00;4,00;0,00;4,60;3,35;3,80;2,00
3,00;2,75;2,75;2,25;46,00;0,00;0,00;3,00;2,00;4,00;0,00;3,75;2,69;3,25;2,00
3,00;3,00;3,00;3,00;48,00;0,00;0,00;5,00;4,00;4,00;0,00;5,00;3,00;4,00;2,00
4,00;4,25;4,25;5,00;44,00;0,00;0,00;5,00;5,00;5,00;0,00;5,00;4,17;3,50;2,00
3,00;4,00;4,00;3,00;28,00;0,00;0,00;4,00;4,00;4,00;0,00;5,00;3,50;;2,00
4,33;4,33;4,33;4,33;43,00;0,00;0,00;4,00;3,00;4,00;0,00;3,33;4,33;3,33;2,00
;3,00;3,00;3,50;25,00;0,00;0,00;;;;0,00;3,50;3,17;3,00;1,00
3,67;3,67;4,00;4,00;43,00;0,00;0,00;;4,00;4,00;0,00;4,67;3,83;3,00;2,00
4,50;5,00;5,00;5,00;42,00;0,00;0,00;4,00;5,00;5,00;0,00;5,00;4,88;4,50;2,00
4,00;4,00;4,00;3,00;39,00;0,00;0,00;;;;0,00;4,00;3,75;3,00;2,00
4,00;4,00;3,00;4,00;45,00;0,00;0,00;5,00;3,00;4,00;0,00;3,00;3,75;1,00;1,00
3,67;4,00;3,40;3,67;33,00;0,00;0,00;3,00;4,00;5,00;0,00;3,83;3,71;2,71;2,00
4,00;5,00;5,00;5,00;41,00;0,00;0,00;4,00;5,00;5,00;0,00;5,00;4,75;5,00;1,00
4,00;3,80;3,20;3,60;36,00;0,00;0,00;;;;0,00;4,00;3,55;3,40;2,00
4,50;5,00;4,50;4,50;31,00;0,00;0,00;3,00;4,00;4,00;0,00;4,50;4,63;3,50;1,00
3,00;4,50;3,50;2,50;31,00;0,00;0,00;5,00;4,00;4,00;0,00;5,00;3,38;3,50;2,00
2,50;3,50;3,50;3,50;44,00;0,00;0,00;5,00;5,00;4,00;0,00;3,00;3,25;3,50;2,00
3,00;2,00;2,00;3,00;33,00;0,00;0,00;;;;0,00;2,00;2,50;1,00;1,00
3,50;3,00;3,00;3,50;31,00;0,00;0,00;;;;0,00;5,00;3,25;1,00;2,00
3,75;3,86;3,38;3,86;32,00;0,00;0,00;;;;0,00;4,86;3,66;3,00;2,00
4,50;3,50;3,00;4,50;40,00;0,00;0,00;;;;0,00;5,00;3,88;4,00;1,00
2,00;2,00;1,50;2,00;33,00;0,00;0,00;4,00;2,00;3,00;0,00;3,00;1,88;1,00;2,00
3,17;3,17;3,00;3,67;36,00;0,00;0,00;4,00;4,00;4,00;0,00;4,50;3,25;3,00;2,00
4,33;4,33;4,00;4,33;37,00;0,00;0,00;;;;0,00;3,50;4,25;3,50;1,00
4,67;4,33;4,67;4,33;47,00;0,00;0,00;5,00;5,00;4,00;0,00;4,67;4,50;4,00;2,00
4,00;3,00;5,00;5,00;39,00;0,00;0,00;5,00;5,00;5,00;0,00;5,00;4,25;3,00;2,00
3,50;3,00;3,50;;37,00;0,00;0,00;1,00;5,00;5,00;0,00;3,00;3,33;;2,00
4,33;4,17;4,50;4,60;36,00;0,00;0,00;5,00;4,00;4,00;0,00;4,00;4,39;3,40;2,00
4,00;4,50;3,50;4,50;32,00;0,00;0,00;5,00;3,00;4,00;0,00;4,50;4,08;3,50;2,00
3,00;3,50;3,50;3,50;38,00;0,00;0,00;;;;0,00;3,50;3,38;2,00;1,00
4,50;5,00;4,50;5,00;43,00;1,00;9,00;4,00;4,00;4,00;0,00;4,00;4,75;5,00;2,00
3,30;4,00;3,20;3,00;39,00;0,00;0,00;5,00;5,00;5,00;0,00;3,80;3,44;3,00;2,00
3,00;3,00;4,00;3,00;38,00;0,00;0,00;;;;0,00;4,00;3,25;4,00;1,00
3,00;4,00;4,50;4,00;34,00;0,00;0,00;;;;0,00;4,50;3,79;3,00;2,00
3,50;3,67;3,75;3,50;42,00;0,00;0,00;;;;0,00;4,00;3,63;3,75;2,00
2,80;3,20;2,40;3,20;43,00;0,00;0,00;4,00;5,00;4,00;0,00;3,40;2,90;2,60;1,00
2,33;3,50;2,67;3,50;31,00;0,00;0,00;3,00;3,00;4,00;0,00;2,67;2,58;1,67;2,00
4,00;4,00;3,80;4,20;44,00;0,00;0,00;4,00;5,00;4,00;0,00;3,80;4,00;3,20;1,00
4,00;4,00;4,00;4,00;28,00;0,00;0,00;;;;0,00;4,33;4,00;2,67;2,00
3,57;4,50;3,67;3,83;55,00;0,00;0,00;4,00;4,00;2,00;0,00;3,83;3,79;3,25;1,00
4,00;4,00;4,00;3,00;33,00;0,00;0,00;;;;0,00;3,00;3,75;3,00;2,00
3,60;3,33;3,33;2,00;35,00;0,00;0,00;;;;0,00;4,00;3,31;3,50;2,00
3,00;3,50;4,00;4,00;28,00;0,00;0,00;;;;0,00;4,00;3,50;3,00;2,00
4,00;4,33;4,17;3,75;;;;;;;;4,40;4,11;3,00;
4,67;4,67;5,00;4,67;49,00;0,00;0,00;5,00;4,00;5,00;0,00;4,67;4,75;4,00;2,00
5,00;5,00;5,00;5,00;43,00;0,00;0,00;4,00;4,00;4,00;0,00;5,00;5,00;4,00;1,00
4,50;4,67;4,33;4,33;46,00;0,00;0,00;3,00;5,00;5,00;0,00;5,00;4,42;3,67;2,00
3,50;4,00;3,50;4,50;45,00;0,00;0,00;4,00;4,00;5,00;0,00;4,50;3,88;3,00;2,00
3,00;3,00;4,00;2,00;34,00;0,00;0,00;;;;0,00;4,00;3,00;5,00;1,00
4,00;4,00;5,00;4,00;32,00;0,00;0,00;5,00;5,00;4,00;0,00;3,00;4,25;3,00;2,00
2,60;3,40;3,40;2,80;33,00;0,00;0,00;5,00;5,00;5,00;0,00;3,60;3,05;3,20;2,00
4,00;4,00;4,00;;36,00;1,00;14,00;;;;0,00;;4,00;;2,00
4,67;4,67;4,33;4,67;34,00;0,00;0,00;;;;0,00;4,67;4,58;3,67;2,00
3,75;3,50;4,00;3,25;30,00;0,00;0,00;;;;0,00;3,75;3,63;3,00;1,00
4,00;3,75;3,67;4,00;36,00;0,00;0,00;;;;0,00;4,25;3,94;4,00;2,00
1,00;;1,00;1,00;31,00;0,00;0,00;4,00;4,00;5,00;0,00;4,00;1,00;1,00;2,00
4,00;4,50;4,33;4,33;39,00;0,00;0,00;;;;0,00;4,00;4,29;3,00;2,00
4,57;4,43;3,57;4,80;29,00;0,00;0,00;;;;0,00;4,40;4,30;3,33;2,00
4,00;4,00;5,00;4,00;34,00;0,00;0,00;2,00;4,00;4,00;0,00;5,00;4,25;3,00;2,00
4,00;4,33;3,67;3,67;43,00;0,00;0,00;4,00;3,00;4,00;0,00;3,00;3,92;3,00;2,00
4,00;4,00;4,00;4,00;37,00;0,00;0,00;5,00;3,00;5,00;0,00;5,00;4,00;3,00;2,00
4,00;3,50;4,00;3,50;;;;;;;;4,00;3,75;3,00;
4,00;4,50;4,00;4,50;;;;;;;;3,00;4,25;;
2,17;2,80;2,17;2,67;;;;;;;;3,00;2,35;2,33;
4,77;4,50;4,57;4,36;;;;;;;;4,45;4,56;3,20;
4,00;4,00;4,00;;;;;;;;;;4,00;;
3,00;4,00;3,00;3,00;;;;;;;;4,00;3,25;4,00;
3,00;3,00;3,00;2,50;;;;;;;;3,50;2,88;2,50;
5,00;5,00;5,00;5,00;;;;;;;;5,00;5,00;3,00;
4,00;4,00;4,00;;;;;;;;;;4,00;;
4,50;4,50;4,00;5,00;;;;;;;;5,00;4,38;3,00;
4,50;4,00;4,00;5,00;;;;;;;;4,00;4,17;3,00;
3,20;3,40;3,40;3,40;;;;;;;;3,20;3,35;3,00;
3,00;3,25;3,33;3,25;;;;;;;;5,00;3,25;3,25;
4,00;4,00;4,00;1,00;;;;;;;;5,00;3,25;3,00;
2,00;3,20;2,60;3,33;27,00;0,00;0,00;;;;0,00;2,80;2,68;2,75;2,00
3,50;3,50;3,00;5,00;;;;;;;;4,50;3,50;3,00;
2,00;4,00;2,00;2,00;;;;;;;;4,00;2,50;3,00;
4,00;4,50;3,50;4,00;;;;;;;;4,00;4,00;3,00;
3,00;3,00;3,00;3,00;;;;;;;;5,00;3,00;3,00;
3,00;4,00;3,00;3,00;;;;;;;;3,00;3,25;3,00;
3,17;3,50;3,50;4,00;;;;;;;;4,33;3,54;3,00;
4,00;4,00;3,00;4,00;;;;;;;;4,00;3,75;3,00;
4,00;4,00;3,00;3,00;;;;;;;;4,00;3,50;3,00;
4,00;5,00;5,00;4,00;;;;;;;;4,00;4,50;3,00;
4,67;4,67;4,67;5,00;;;;;;;;5,00;4,67;3,00;
5,00;5,00;4,00;;;;;;;;;;4,67;;
4,00;5,00;;5,00;;;;;;;;4,00;4,67;3,00;
4,50;4,50;4,00;4,50;;;;;;;;4,25;4,38;3,00;
3,17;3,40;2,67;3,17;;;;;;;;3,33;3,04;2,33;
3,00;3,50;3,50;3,50;;;;;;;;4,00;3,38;2,50;
3,40;4,20;3,80;4,40;;;;;;;;4,50;3,95;3,17;
3,00;2,00;;3,00;;;;;;;;2,00;2,67;3,00;
3,80;3,80;3,75;4,00;;;;;;;;4,00;3,90;3,17;
3,50;3,50;3,50;3,50;;;;;;;;4,00;3,50;3,00;
3,33;3,67;3,00;4,00;;;;;;;;3,00;3,31;2,33;
4,25;4,50;4,00;4,00;;;;;;;;3,50;4,25;3,00;
4,00;4,50;4,50;4,50;;;;;;;;3,50;4,38;3,00;
3,00;3,00;4,00;3,00;;;;;;;;4,00;3,25;;
4,00;4,67;4,00;3,67;;;;;;;;4,67;4,08;2,33;
1,00;1,00;1,00;;;;;;;;;1,00;1,00;1,00;
1,00;1,00;1,00;4,00;;;;;;;;2,00;1,75;3,00;
3,00;3,56;3,11;3,25;48,00;0,00;0,00;4,00;3,00;4,00;0,00;3,50;3,20;3,50;2,00
3,00;3,50;2,50;4,00;46,00;1,00;14,00;2,00;4,00;4,00;0,00;2,00;3,08;3,00;2,00
3,50;3,00;2,50;3,00;36,00;0,00;0,00;;;;0,00;3,50;3,00;2,50;1,00
3,50;3,50;3,50;3,50;45,00;0,00;0,00;4,00;5,00;4,00;0,00;3,50;3,50;3,00;2,00
3,20;3,60;3,20;3,00;41,00;0,00;0,00;;;;0,00;3,60;3,25;3,20;2,00
3,00;2,80;3,33;3,20;37,00;0,00;0,00;5,00;2,00;2,00;0,00;3,75;2,95;2,60;1,00
3,44;3,67;3,44;3,63;49,00;0,00;0,00;;;;0,00;4,00;3,56;2,88;2,00
2,50;3,00;3,00;3,00;61,00;0,00;0,00;5,00;5,00;5,00;0,00;2,50;2,88;2,00;2,00
1,00;1,00;1,00;3,00;38,00;0,00;0,00;;;;0,00;3,00;1,50;3,00;2,00
4,33;4,67;4,33;4,50;45,00;0,00;0,00;2,00;4,00;4,00;0,00;4,33;4,44;2,50;1,00
3,33;3,67;3,33;3,67;42,00;0,00;0,00;4,00;3,00;3,00;0,00;4,00;3,50;3,25;2,00
3,00;2,00;2,00;4,00;33,00;0,00;0,00;;;;0,00;5,00;2,75;3,00;1,00
2,00;2,50;3,00;2,00;49,00;0,00;0,00;5,00;5,00;4,00;0,00;2,50;2,41;2,00;2,00
3,33;3,33;3,50;4,00;31,00;0,00;0,00;3,00;4,00;3,00;0,00;3,67;3,25;3,00;1,00
3,00;4,00;4,00;4,00;41,00;0,00;0,00;5,00;5,00;4,00;1,00;5,00;3,75;3,00;2,00
3,67;4,67;4,00;3,67;36,00;0,00;0,00;3,00;3,00;2,00;0,00;4,33;4,00;2,67;1,00
3,00;2,50;3,00;2,50;44,00;0,00;0,00;5,00;5,00;5,00;0,00;2,50;2,75;2,50;2,00
3,78;4,22;3,50;3,75;42,00;0,00;0,00;4,00;1,00;4,00;0,00;4,22;3,83;3,11;2,00
3,00;3,67;3,67;3,67;34,00;0,00;0,00;;;;0,00;4,00;3,50;3,33;1,00
3,00;4,00;4,00;3,00;51,00;1,00;6,00;3,00;3,00;;0,00;4,00;3,50;3,00;2,00
3,00;4,00;3,00;3,67;33,00;0,00;0,00;2,00;1,00;2,00;0,00;3,67;3,42;2,67;1,00
2,50;4,00;2,50;3,50;34,00;0,00;0,00;;;;0,00;4,50;3,13;4,00;2,00
4,00;4,00;3,75;3,75;34,00;1,00;8,00;;;;0,00;4,67;3,88;3,00;2,00
2,88;3,38;2,88;3,43;54,00;0,00;0,00;;4,00;4,00;0,00;4,13;3,11;2,50;1,00
2,50;2,50;3,00;2,50;38,00;0,00;0,00;;;;0,00;3,00;2,63;3,50;1,00
4,00;4,50;4,50;3,50;36,00;0,00;0,00;;;;0,00;4,00;4,13;3,00;2,00
2,00;3,00;2,00;;39,00;1,00;4,00;;;;0,00;4,00;2,33;3,00;1,00
3,25;3,50;3,00;3,67;59,00;0,00;0,00;;;;0,00;4,67;3,31;3,00;2,00
3,67;4,00;3,00;4,00;52,00;0,00;0,00;4,00;4,00;4,00;1,00;3,00;3,75;3,00;1,00
3,17;3,50;3,00;3,50;51,00;1,00;9,00;4,00;4,00;2,00;0,00;3,00;3,32;2,75;2,00
4,20;4,40;4,00;4,00;46,00;0,00;0,00;5,00;2,00;2,00;0,00;3,67;4,25;2,33;2,00
3,67;3,67;3,33;3,75;44,00;0,00;0,00;;;;0,00;3,00;3,60;2,80;2,00
4,50;5,00;5,00;5,00;37,00;1,00;66,00;;;;1,00;5,00;4,88;3,00;1,00
3,50;3,50;3,00;4,14;46,00;0,00;0,00;4,00;4,00;4,00;0,00;4,14;3,49;2,57;2,00
3,08;3,42;2,75;3,83;46,00;0,00;0,00;4,00;4,00;4,00;0,00;3,43;3,16;3,43;2,00
4,00;4,17;4,00;3,60;44,00;0,00;0,00;;;;0,00;3,43;3,96;3,17;2,00
3,29;3,67;3,00;3,75;54,00;0,00;0,00;4,00;4,00;3,00;0,00;3,00;3,24;2,67;2,00
4,11;4,44;3,56;3,75;38,00;0,00;0,00;;;;0,00;3,75;3,94;3,14;2,00
2,67;3,00;2,33;3,00;47,00;0,00;0,00;5,00;4,00;3,00;0,00;2,67;2,75;1,67;2,00
4,50;4,50;4,33;4,75;51,00;0,00;0,00;4,00;5,00;4,00;0,00;4,50;4,47;3,50;2,00
3,25;3,75;3,00;3,33;44,00;0,00;0,00;;;;0,00;3,67;3,42;2,67;2,00
4,25;4,50;3,75;4,33;42,00;1,00;5,00;4,00;;2,00;0,00;3,67;4,25;3,33;1,00
4,00;4,50;4,25;4,00;38,00;1,00;7,00;5,00;4,00;4,00;0,00;4,25;4,19;3,00;2,00
3,75;4,13;3,00;3,71;45,00;0,00;0,00;;;;0,00;4,14;3,40;3,13;2,00
2,50;3,00;2,00;3,00;52,00;0,00;0,00;;;;0,00;1,50;2,63;2,00;2,00
3,60;4,20;3,00;3,67;41,00;0,00;0,00;1,00;3,00;1,00;0,00;3,67;3,57;3,33;2,00
3,00;3,86;2,43;3,33;37,00;0,00;0,00;;;;0,00;3,00;3,14;2,83;1,00
3,50;4,25;3,00;3,50;36,00;0,00;0,00;5,00;4,00;4,00;0,00;3,40;3,60;2,50;2,00
3,80;3,60;3,40;3,40;44,00;0,00;0,00;5,00;4,00;4,00;1,00;3,20;3,55;3,25;2,00
3,50;4,00;4,00;3,75;33,00;0,00;0,00;4,00;4,00;4,00;0,00;4,25;3,81;4,00;2,00
4,00;4,00;4,00;;37,00;0,00;0,00;5,00;5,00;4,00;0,00;;4,00;;2,00
3,64;3,57;3,43;3,92;31,00;0,00;0,00;3,00;3,00;3,00;1,00;4,33;3,64;3,25;2,00
4,00;4,00;4,00;4,00;37,00;0,00;0,00;;;;0,00;4,00;4,00;3,67;2,00
3,80;3,60;3,80;3,67;42,00;0,00;0,00;;;;0,00;3,33;3,73;3,33;1,00
3,00;4,00;2,00;;30,00;0,00;0,00;4,00;5,00;4,00;0,00;;3,00;;1,00
3,10;3,78;3,00;3,00;47,00;0,00;0,00;3,00;3,00;3,00;0,00;3,33;3,22;2,78;2,00
4,17;4,60;4,00;4,00;35,00;0,00;0,00;4,00;2,00;4,00;0,00;4,50;4,21;3,25;2,00
4,00;3,67;4,33;4,00;48,00;1,00;1,00;2,00;3,00;3,00;0,00;4,67;4,00;3,33;2,00
4,00;4,00;4,00;4,00;55,00;1,00;1,00;5,00;5,00;5,00;0,00;4,00;4,00;3,00;2,00
3,00;3,00;3,00;3,00;37,00;1,00;9,00;4,00;4,00;5,00;1,00;4,00;3,00;3,00;2,00
4,50;5,00;4,50;4,50;50,00;1,00;5,00;;;;0,00;4,00;4,63;4,00;2,00
3,80;4,00;3,80;4,25;49,00;0,00;0,00;;;;0,00;3,80;3,75;3,25;2,00
5,00;5,00;5,00;5,00;34,00;1,00;6,00;4,00;5,00;4,00;0,00;5,00;5,00;;2,00
4,00;4,67;4,25;4,50;44,00;0,00;0,00;4,00;;4,00;0,00;4,00;4,27;3,50;1,00
4,00;5,00;5,00;5,00;37,00;1,00;8,00;4,00;4,00;3,00;1,00;5,00;4,75;3,00;2,00
4,00;4,00;4,00;4,00;44,00;0,00;0,00;5,00;4,00;4,00;0,00;4,00;4,00;3,00;2,00
4,00;5,00;5,00;5,00;50,00;0,00;0,00;;;;0,00;5,00;4,75;3,00;2,00
3,00;3,00;3,00;4,00;35,00;0,00;0,00;3,00;4,00;3,00;0,00;4,00;3,25;4,00;2,00
